<ZAS>
	<LABELSETUP ZOOMIFYXMLVERSION="3" />
	<POI x="0" y="0" zoom="-1" user="Anonymous" date="20021008200444" id="0" name="Whole Slide" /><Note text="First POI, first note." user="Anonymous" date="20021021110842" id="1" name="1st POI, 1st Note" /><Note text="This is the second note of the first POI." user="Anonymous" date="20021021110557" id="0" name="1st POI, 2nd Note" /><Label x="-0.25" y="-0.3" zoom="100" xscale="120" yscale="120" user="Example User 1" date="20021015161227" id="1" name="1st POI, 1st Label" movieClip="label_ArrowLeftDown_mc" url="" textColor="3355443" textBackgroundColor="16777215" /><Label x="0.05" y="-0.2" zoom="70" xscale="100" yscale="100" user="Anonymous" date="20021015161137" id="0" name="1st POI, 2nd Label" movieClip="label_Circle_mc" url="" textColor="3355443" textBackgroundColor="16777215" />
	<POI x="-0.2" y="-0.2" zoom="75" user="Example User 1" date="20021008232505" id="1" name="1st POI Example" /><Note text="This is the only note of the second POI." user="Example User 1" date="20021021110557" id="0" name="1st POI, Only Note" /><Label x="-0.15" y="-0.2" zoom="120" xscale="100" yscale="100" user="Example User 1" date="20021015161331" id="2" name="2nd POI, 1st Label" movieClip="label_Circle_mc" url="" textColor="3355443" textBackgroundColor="16777215" /><Label x="-0.05" y="-0.1" zoom="100" xscale="75" yscale="75" user="Example User 1" date="20021021105737" id="3" name="2nd POI, 2nd Label" movieClip="label_ArrowRightDown_mc" url="" textColor="3355443" textBackgroundColor="16777215" />
	<POI x="0" y="0" zoom="100" user="Example User 1" date="20021008232743" id="2" name="2nd POI Example" />
	<POI x="0.2" y="0.2" zoom="75" user="Anonymous" date="20031117073406" id="5" name="3rd POI Example" /><Label x="0.2" y="0.15" zoom="50" xscale="100" yscale="100" user="Anonymous" date="20021021105819" id="4" name="4th POI, 1st Label" movieClip="label_Circle_mc" url="" lineColor="1126225" fillColor="120225" />
</ZAS>






