<ZAS>
	<LABELSETUP 
		INITIALVISIBILITY="1" 
		MINSCALE="0" 
		MAXSCALE="0" >
	</LABELSETUP>
	<POI 
		ID="0" 
		NAME="Whole Image" 
		X="center" 
		Y="center" 
		ZOOM="-1" 
		USER="Example User 1" 
		DATE="19990901200444" >
		<NOTES>
			<NOTE 
				ID="0" 				
				NAME="First example note" 
				TEXT="Notes may be added here. Be sure to check out the editable demos of this annotation system (thumbnails below)." 
				USER="Example User 1" 
				DATE="20090101073026" >
			</NOTE>
			<NOTE 
				ID="1" 
				NAME="Many notes possible" 
				TEXT="Notice that this point of interest (POI) has multiple labels and notes." 
				USER="Example User 1" 
				DATE="20090102073026" >
			</NOTE>
			<NOTE 
				ID="2" 
				NAME="Very long notes possible" 
				TEXT="This note is somewhat long. Notes can hold up to 65,535 characters (spaces included)." 
				USER="Example User 1" 
				DATE="20090103110557" >
			</NOTE>
			<NOTE 
				ID="3" 
				NAME="Automatic scrollbar" 
				TEXT="Notice that a vertical scrollbar automatically appears when a note requires more lines than fit in the note area - as is the case with this note which is not verbose and yet is longer than will fit in the text area without a need to scroll to display the latter part of the note." 
				USER="Example User 1" 
				DATE="20090104110557" >
			</NOTE>
			<NOTE 
				ID="4" 
				NAME="Carriage returns supported" 
				TEXT="Also notice that notes can contain carriage returns - new lines created with the Return key - like this... &#xD;&#xD; ...very useful." 
				USER="Example User 1" 
				DATE="20090105110557" >
			</NOTE>
		</NOTES>	
		<LABELS>
			<LABEL 
				ID="0" 
				NAME="First POI first label" 
				MEDIATYPE="symbol"
				MEDIA="circle" 
				X="1100" 
				Y="400" 
				ZOOM="100" 
				XSCALE="100" 
				YSCALE="100" 
				URL="http://www.zoomify.com" 
				URLTARGET="_self" 
				ROLLOVER="0" 
				CAPTION="Colorful label (1st POI, 1st label)" 
				TOOLTIP="This example has label and caption colors" 
				USER="Example User 1" 
				DATE="20090102073026" 
				TEXTCOLOR="ffffff" 
				BACKCOLOR="000000"
				LINECOLOR="ffff00" 
				FILLCOLOR="ffff33"
				TEXTVISIBLE="1" 
				BACKVISIBLE="1"
				LINEVISIBLE="1" 
				FILLVISIBLE="1"
				CAPTIONPOSITION="8" >
			</LABEL>
			<LABEL 
				ID="1" 
				NAME="First POI second label" 
				MEDIATYPE="symbol"
				MEDIA="triangle" 
				X="1100" 
				Y="800" 
				ZOOM="50" 
				XSCALE="100" 
				YSCALE="100" 
				URL="" 
				URLTARGET="" 
				ROLLOVER="0" 
				CAPTION="Zoomed label (1st POI, 2nd label)" 
				TOOLTIP="This example is at 50% image zoom" 
				USER="Example User 1" 
				DATE="20090102073026" 
				TEXTCOLOR="000000" 
				BACKCOLOR="ffffff"
				LINECOLOR="333333" 
				FILLCOLOR="ffffff"
				TEXTVISIBLE="1" 
				BACKVISIBLE="1"
				LINEVISIBLE="1" 
				FILLVISIBLE="1"
				CAPTIONPOSITION="8" >
			</LABEL>
		</LABELS>
	</POI>
	<POI 
		ID="1" 
		NAME="Point of interest 2" 
		X="1100" 
		Y="1175" 
		ZOOM="50" 
		USER="Guest" 
		DATE="20090107232505" >
		<NOTES>
			<NOTE 
				ID="5" 
				NAME="One or zero labels or notes OK" 
				TEXT="This point of interest (POI) has just one label and one note. The last POI has zero labels and notes." 
				USER="Guest" 
				DATE="20090109110557" >
			</NOTE>
		</NOTES>	
		<LABELS>
			<LABEL 
				ID="2" 
				NAME="Second POI label" 
				MEDIATYPE="url"
				MEDIA="ExampleAlias1/Annotations/hotspotFromPNG.png" 
				X="1100" 
				Y="1200" 
				ZOOM="100" 
				XSCALE="100" 
				YSCALE="100" 
				URL="http://www.zoomify.com" 
				URLTARGET="_blank" 
				ROLLOVER="0" 
				CAPTION="External PNG label (2nd POI, 1st label)" 
				TOOLTIP="This icon is from an external PNG file" 
				USER="Guest" 
				DATE="20090108073026" 
				TEXTCOLOR="000000" 
				BACKCOLOR="ffffff"
				TEXTVISIBLE="1" 
				BACKVISIBLE="1"
				CAPTIONPOSITION="8" >
			</LABEL>
		</LABELS>
	</POI>
	<POI 
		ID="2" 
		NAME="A third point of interest" 
		X="1100" 
		Y="1450" 
		ZOOM="100" 
		USER="Guest" 
		DATE="20090110232743" >
		<NOTES>
			<NOTE 
				ID="6" 
				NAME="Another example note" 
				TEXT="An additional note." 
				USER="Guest" 
				DATE="20090112110557" >
			</NOTE>
		</NOTES>
		<LABELS>
			<LABEL 
				ID="3" 
				NAME="Third POI label" 
				MEDIATYPE="symbol"
				MEDIA="arrowLeft" 
				X="1100" 
				Y="1400" 
				ZOOM="100" 
				XSCALE="100" 
				YSCALE="100" 
				URL="http://www.adobe.com" 
				URLTARGET="_blank" 
				ROLLOVER="1" 
				CAPTION="Rollover label (3rd POI, 1st label)" 
				TOOLTIP="This label is revealed when the mouse rolls over it" 
				USER="Guest" 
				DATE="20090111073026" 
				TEXTCOLOR="000000" 
				BACKCOLOR="ffffff"
				LINECOLOR="333333" 
				FILLCOLOR="ffffff"
				TEXTVISIBLE="1" 
				BACKVISIBLE="1"
				LINEVISIBLE="1" 
				FILLVISIBLE="1"
				CAPTIONPOSITION="6" >
			</LABEL>
		</LABELS>
	</POI>
	<POI 
		ID="3" 
		NAME="Point of interest 4" 
		X="1100" 
		Y="2050" 
		ZOOM="50" 
		USER="Example User 2" 
		DATE="20090113114118" >
		<NOTES>
			<NOTE 
				ID="7" 
				NAME="Last note" 
				TEXT="One final example note." 
				USER="Guest" 
				DATE="20090115110557" >
			</NOTE>
		</NOTES>
		<LABELS>
			<LABEL 
				ID="4" 
				NAME="Fourth POI first label" 
				MEDIATYPE="symbol"
				MEDIA="arrowUpRight" 
				X="1100" 
				Y="1600" 
				ZOOM="100" 
				XSCALE="100" 
				YSCALE="100" 
				URL="http://www.zoomify.com" 
				URLTARGET="_blank" 
				ROLLOVER="0" 
				CAPTION="This caption is overridden by the HTLM caption below" 
				TOOLTIP="This tooltip is overridden by the HTML tooltip below" 
				USER="Guest" 
				DATE="20090114073026" 
				TEXTCOLOR="000000" 
				BACKCOLOR="ffffff"
				LINECOLOR="333333" 
				FILLCOLOR="ffffff"
				TEXTVISIBLE="1" 
				BACKVISIBLE="1"
				LINEVISIBLE="1" 
				FILLVISIBLE="1"
				CAPTIONPOSITION="8" >
					<CAPTION>Multiline, <font color="#008800"><i>HTML enabled</i></font><font color="#ffffff">.</font><br/>Caption</CAPTION>
					<TOOLTIP>This is a multiline, HTML enabled tooltip created using the TOOLTIP tag. <br/><font color="#008800"><b>Basic HTML</b></font> is <i>supported</i>.</TOOLTIP>
			</LABEL>
			<LABEL 
				ID="5" 	
				NAME="Fourth POI second label" 
				MEDIATYPE="url"
				MEDIA="ExampleAlias1/Annotations/hotspotFromJPG.jpg" 
				X="1100" 
				Y="1950" 
				ZOOM="100" 
				XSCALE="100" 
				YSCALE="100" 
				URL="http://www.zoomify.com" 
				URLTARGET="_blank" 
				ROLLOVER="0" 
				CAPTION="External JPEG label (4th POI 2nd label)" 
				TOOLTIP="This icon is from an external JPEG file" 
				USER="Guest" 
				DATE="20090114073026" 
				TEXTCOLOR="000000" 
				TEXTVISIBLE="1" 
				BACKVISIBLE="0"
				CAPTIONPOSITION="2" >
			</LABEL>
		</LABELS>
	</POI>
	<POI 
		ID="4" 
		NAME="Last POI in this demo" 
		X="1100" 
		Y="2300" 
		ZOOM="100" 
		USER="Example User 3" 
		DATE="20090116073026" >
		<LABELS>
			<LABEL 
				ID="6" 	
				NAME="Fifth POI first label" 
				MEDIATYPE="symbol"
				MEDIA="polygon" 
				X="1100" 
				Y="2300" 
				ZOOM="100" 
				XSCALE="100" 
				YSCALE="100" 
				URL="http://www.zoomify.com" 
				URLTARGET="_blank" 
				ROLLOVER="0" 
				CAPTION="Polygon label (5th POI 1st label)" 
				TOOLTIP="This is a polygonal label" 
				USER="Guest" 
				DATE="20090114073026" 
				TEXTCOLOR="000000" 
				BACKCOLOR="ffffff"
				LINECOLOR="ff0000" 
				FILLCOLOR="0000ff"
				TEXTVISIBLE="1" 
				BACKVISIBLE="1"
				LINEVISIBLE="1" 
				FILLVISIBLE="1"
				CAPTIONPOSITION="5" >
					<POLYGON> 					
						<POINT X="1205" Y="2126.25" ></POINT> 
						<POINT X="997.5" Y="2083.75" ></POINT> 
						<POINT X="843.75" Y="2282.5" ></POINT> 
						<POINT X="975" Y="2487.5" ></POINT> 
						<POINT X="1231.25" Y="2496.25" ></POINT> 
						<POINT X="1346.25" Y="2327.5" ></POINT> 
					</POLYGON>
			</LABEL>
			<LABEL 
				ID="7" 	
				NAME="Fifth POI second label" 
				MEDIATYPE="symbol"
				MEDIA="polygon" 
				X="1500" 
				Y="2300" 
				ZOOM="100" 
				XSCALE="100" 
				YSCALE="100" 
				URL="http://www.zoomify.com" 
				URLTARGET="_blank" 
				ROLLOVER="0" 
				CAPTION="Polygon label (5th POI 2nd label)" 
				TOOLTIP="This is another polygonal label" 
				USER="Guest" 
				DATE="20090114073026" 
				TEXTCOLOR="000000" 
				BACKCOLOR="ffffff"
				LINECOLOR="0000ff" 
				FILLCOLOR="ff0000"
				TEXTVISIBLE="1" 
				BACKVISIBLE="1"
				LINEVISIBLE="1" 
				FILLVISIBLE="1"
				CAPTIONPOSITION="8" >
					<POLYGON> 					
						<POINT X="1605" Y="2026.25" ></POINT> 
						<POINT X="1397.5" Y="2083.75" ></POINT> 
						<POINT X="1243.75" Y="2382.5" ></POINT> 
						<POINT X="1375" Y="2487.5" ></POINT> 
						<POINT X="1631.25" Y="2496.25" ></POINT> 
						<POINT X="1746.25" Y="2227.5" ></POINT> 
					</POLYGON>
			</LABEL>
		</LABELS>
	</POI>
</ZAS>