<ZAS>
	<LABELSETUP 
		INITIALVISIBILITY="1" 
		MINSCALE="0" 
		MAXSCALE="0" >
	</LABELSETUP>
	<POI 
		ID="0" 
		NAME="Whole Image" 
		X="center" 
		Y="center" 
		ZOOM="-1" 
		USER="Example User 1" 
		DATE="19990901200444" >
		<NOTES>
			<NOTE 
				ID="0" 				
				NAME="Rollover label information" 
				TEXT="Rollover labels are easy to create.  There is a rollover label between the two visible arrow labels." 
				USER="Example User 1" 
				DATE="20090101073026" >
			</NOTE>
		</NOTES>	
		<LABELS>
			<LABEL 
				ID="0" 
				NAME="Label #1 - Visible" 
				MEDIATYPE="symbol"
				MEDIA="arrowRight" 
				X="900" 
				Y="1300" 
				ZOOM="50" 
				ROLLOVER="0" 
				CAPTION="There is a rollover label to the right" 
				USER="Example User 1" 
				DATE="20090102073026" 
				CAPTIONPOSITION="8" >
			</LABEL>
			<LABEL 
				ID="1" 
				NAME="Label #2 - Rollover"
				MEDIATYPE="symbol"
				MEDIA="circle" 
				X="1400" 
				Y="1300" 
				ZOOM="50" 
				ROLLOVER="1" 
				CAPTION="This is a rollover label !" 
				TOOLTIP="This label is revealed when the mouse rolls over it" 
				USER="Example User 1" 
				DATE="20090102073026" 
				CAPTIONPOSITION="8" >
			</LABEL>
			<LABEL 
				ID="2" 
				NAME="Label #3 - Visible" 
				MEDIATYPE="symbol"
				MEDIA="arrowLeft" 
				X="1900" 
				Y="1300" 
				ZOOM="50" 
				ROLLOVER="0" 
				CAPTION="There is a rollover label to the left" 
				USER="Example User 1" 
				DATE="20090102073026" 
				CAPTIONPOSITION="8" >
			</LABEL>
		</LABELS>
	</POI>
</ZAS>