<DATA>	
	<HOTSPOTSETUP 
		CHOICELIST="2" 
		LISTSOURCE="NAME"
		INITIALVISIBILITY="1" 
		MINSCALE="0.15"
		MAXSCALE="2" />
	<HOTSPOT 
		ID="1"
		NAME="Simple Caption Hotspot"
		MEDIATYPE="url"
		MEDIA="Hotspots/hotspotFromJPG.jpg"
		X="225"
		Y="1375"
		ZOOM="100" 
		XSCALE="100"
		YSCALE="100"
		URL="http://www.zoomify.com"
		URLTARGET="_self"
		ROLLOVER="0"
		CAPTION="Simple Caption"
		TOOLTIP="This is a simple tooltip." >
	</HOTSPOT>
	<HOTSPOT 
		ID="2"
		NAME="Transparent PNG Hotspot"
		MEDIATYPE="url"
		MEDIA="Hotspots/hotspotFromPNG.png"
		X="525"
		Y="1375"
		ZOOM="100" 
		XSCALE="100"
		YSCALE="100"
		URL="http://www.viewthewall.com"
		URLTARGET="_blank"
		ROLLOVER="0"
		CAPTION="Transparent PNG hotspot"
		TOOLTIP="This tooltip is single-line. The next is multi-line." >
	</HOTSPOT>
	<HOTSPOT 
		ID="3"
		NAME="Hotspot With HTML Caption"
		MEDIATYPE="url"
		MEDIA="Hotspots/hotspotFromPNG.png"
		X="825"
		Y="1375"
		ZOOM="100" 
		XSCALE="100"
		YSCALE="100"
		URL="http://www.adobe.com"
		URLTARGET="_blank"
		ROLLOVER="0"
		CAPTION="HTML Caption"
		TOOLTIP="This tooltip is also overridden and might as well be blank (quote quote)." >
			<CAPTION>Multiline, <font color="#008800"><i>HTML enabled</i></font><br/>Caption</CAPTION>
			<TOOLTIP>This is a multiline, HTML enabled tooltip created using the TOOLTIP tag. <br/><font color="#008800"><b>Basic HTML</b></font> is <i>supported</i>.</TOOLTIP>
	</HOTSPOT>
	<HOTSPOT 
		ID="4"
		NAME="Hotspot Visible On Rollover"
		MEDIATYPE="symbol"
		MEDIA="hotspotFromLibraryClip_mc"
		X="1125"
		Y="1375"
		ZOOM="100" 
		XSCALE="100"
		YSCALE="100"
		URL="http://www.zoomify.com"
		URLTARGET="_blank"
		ROLLOVER="1"
		CAPTION="Rollover Hotspot"
		TOOLTIP="Revealed on mouse-over." >
	</HOTSPOT>
	<HOTSPOT 
		ID="5"
		NAME="Hidden Hotspot"
		MEDIATYPE="url"
		MEDIA="Hotspots/hiddenHotspot.png"
		X="1125"
		Y="1500"
		ZOOM="100" 
		XSCALE="100"
		YSCALE="100"
		URL=""
		URLTARGET=""
		ROLLOVER="0"
		CAPTION="Hidden hotspot"
		TOOLTIP="" >
			<CAPTION>Roll your mouse over the gem above...<br/><font size="-4">(This hotspot has a caption but no icon.)</font></CAPTION>
	</HOTSPOT>
	<HOTSPOT 
		ID="6"
		NAME="Reuse Of Internal Icon"
		MEDIATYPE="symbol"
		MEDIA="hotspotFromLibraryClip_mc"
		X="1425"
		Y="1375"
		ZOOM="100" 
		XSCALE="100"
		YSCALE="100"
		URL="http://www.zoomify.com"
		URLTARGET="_blank"
		ROLLOVER="0"
		CAPTION="Reused internal icon"
		TOOLTIP="" >
	</HOTSPOT>
	<HOTSPOT 
		ID="7"
		NAME="Reuse Of External Icon"
		MEDIATYPE="url"
		MEDIA="Hotspots/hotspotFromJPG.jpg"
		X="1725"
		Y="1375"
		ZOOM="100" 
		XSCALE="100"
		YSCALE="100"
		URL="http://www.adobe.com"
		URLTARGET="_self"
		ROLLOVER="0"
		CAPTION="Reused external icon"
		TOOLTIP="The prior hotspot demonstrates an icon without a tooltip." >
	</HOTSPOT>
</DATA>

